id,marca,modelo,codigo_barras,categoria,preco,memoria_gb,ram_gb,camera_mp,bateria_mah,ano_lancamento,sistema
1,Samsung,Galaxy S21,001,Premium,3499.9,128,8,64,4000,2021,Android
2,Apple,iPhone 13,002,Premium,4299.9,128,6,12,3240,2021,iOS
3,Xiaomi,Redmi Note 12,003,Intermediário,1399.9,128,6,50,5000,2023,Android
4,Motorola,Moto G53,004,Entrada,899.9,128,4,50,5000,2023,Android
5,Samsung,Galaxy A15,005,Entrada,799.9,64,4,48,5000,2024,Android
6,Apple,iPhone 11,006,Usado,2499.9,64,4,12,3110,2019,iOS
7,Apple,iPhone 11,006,Usado,2499.9,64,4,12,3110,2019,iOS
8,Samsung,Galaxy A15,005,Entrada,799.9,64,4,48,5000,2024,Android
9,Xiaomi,Redmi Note 12,003,Intermediário,1399.9,128,6,50,5000,2023,Android
